有價證券代號及名稱,國際證券辨識號碼(ISIN Code),上市日,市場別,產業別,CFICode,備註,代號,公司名稱
1240　茂生農經,TW0001240000,2018/08/08,上櫃,農業科技業,ESVUFR,,1240,茂生農經
1258　其祥-KY,KYG522401010,2011/12/12,上櫃,食品工業,ESVUFR,,1258,其祥-KY
1259　安心,TW0001259000,2011/12/15,上櫃,觀光事業,ESVUFR,,1259,安心
1264　德麥,TW0001264000,2015/04/09,上櫃,食品工業,ESVUFR,,1264,德麥
1268　漢來美食,TW0001268001,2017/09/27,上櫃,觀光事業,ESVUFR,,1268,漢來美食
1333　恩得利,TW0001333003,2005/08/08,上櫃,電子零組件業,ESVUFR,,1333,恩得利
1336　台翰,TW0001336006,2007/11/02,上櫃,電子零組件業,ESVUFR,,1336,台翰
1565　精華,TW0001565000,2004/03/30,上櫃,生技醫療業,ESVUFR,,1565,精華
1569　濱川,TW0001569002,2005/07/29,上櫃,電腦及週邊設備業,ESVUFR,,1569,濱川
1570　力肯,TW0001570000,2005/06/30,上櫃,電機機械,ESVUFR,,1570,力肯
1580　新麥,TW0001580009,2007/12/10,上櫃,電機機械,ESVUFR,,1580,新麥
1584　精剛,TW0001584001,2007/11/28,上櫃,其他業,ESVUFR,,1584,精剛
1586　和勤,TW0001586006,2012/01/09,上櫃,電機機械,ESVUFR,,1586,和勤
1591　駿吉-KY,KYG4782L1023,2012/03/23,上櫃,電機機械,ESVUFR,,1591,駿吉-KY
1593　祺驊,TW0001593002,2012/06/13,上櫃,生技醫療業,ESVUFR,,1593,祺驊
1595　川寶,TW0001595007,2011/10/04,上櫃,電子零組件業,ESVUFR,,1595,川寶
1597　直得,TW0001597003,2012/12/28,上櫃,電機機械,ESVUFR,,1597,直得
1599　宏佳騰,TW0001599009,2012/12/25,上櫃,電機機械,ESVUFR,,1599,宏佳騰
1742　台蠟,TW0001742005,2004/05/14,上櫃,化學工業,ESVUFR,,1742,台蠟
1752　南光,TW0001752004,2009/08/10,上櫃,生技醫療業,ESVUFR,,1752,南光
1777　生泰,TW0001777001,2005/10/19,上櫃,生技醫療業,ESVUFR,,1777,生泰
1781　合世,TW0001781003,2004/12/24,上櫃,生技醫療業,ESVUFR,,1781,合世
1784　訊聯,TW0001784007,2007/07/26,上櫃,生技醫療業,ESVUFR,,1784,訊聯
1785　光洋科,TW0001785004,2005/01/31,上櫃,其他電子業,ESVUFR,,1785,光洋科
1788　杏昌,TW0001788008,2009/07/20,上櫃,生技醫療業,ESVUFR,,1788,杏昌
1796　金穎生技,TW0001796001,2018/01/22,上櫃,食品工業,ESVUFR,,1796,金穎生技
1799　易威,TW0001799005,2008/11/10,上櫃,生技醫療業,ESVUFR,,1799,易威
1813　寶利徠,TW0001813004,2009/08/04,上櫃,生技醫療業,ESVUFR,,1813,寶利徠
1815　富喬,TW0001815009,2006/01/23,上櫃,電子零組件業,ESVUFR,,1815,富喬
2035　唐榮,TW0002035003,2006/07/07,上櫃,鋼鐵工業,ESVUFR,,2035,唐榮
2061　風青,TW0002061009,2010/12/09,上櫃,電器電纜,ESVUFR,,2061,風青
2063　世鎧,TW0002063005,2010/09/07,上櫃,鋼鐵工業,ESVUFR,,2063,世鎧
2064　晉椿,TW0002064003,2014/12/26,上櫃,鋼鐵工業,ESVUFR,,2064,晉椿
2065　世豐,TW0002065000,2017/04/21,上櫃,鋼鐵工業,ESVUFR,,2065,世豐
2066　世德,TW0002066008,2013/09/24,上櫃,電機機械,ESVUFR,,2066,世德
2067　嘉鋼,TW0002067006,2014/05/26,上櫃,電機機械,ESVUFR,,2067,嘉鋼
2070　精湛,TW0002070000,2018/12/17,上櫃,電機機械,ESVUFR,,2070,精湛
2221　大甲,TW0002221009,2007/08/01,上櫃,其他業,ESVUFR,,2221,大甲
2230　泰茂,TW0002230000,2013/04/18,上櫃,電機機械,ESVUFR,,2230,泰茂
2235　謚源,TW0002235009,2014/12/15,上櫃,電機機械,ESVUFR,,2235,謚源
2596　綠意,TW0002596004,2009/06/01,上櫃,建材營造業,ESVUFR,,2596,綠意
2640　大車隊,TW0002640000,2012/11/07,上櫃,其他業,ESVUFR,,2640,大車隊
2641　正德,TW0002641008,2014/10/09,上櫃,航運業,ESVUFR,,2641,正德
2643　捷迅,TW0002643004,2016/03/04,上櫃,航運業,ESVUFR,,2643,捷迅
2718　晶悅,TW0002718004,2011/03/29,上櫃,觀光事業,ESVUFR,,2718,晶悅
2719　燦星旅,TW0002719002,2012/02/24,上櫃,觀光事業,ESVUFR,,2719,燦星旅
2724　富驛-KY,KYG3704Y1017,2012/05/29,上櫃,觀光事業,ESVUFR,,2724,富驛-KY
2726　雅茗-KY,KYG988361021,2014/12/24,上櫃,觀光事業,ESVUFR,,2726,雅茗-KY
2729　瓦城,TW0002729001,2012/09/17,上櫃,觀光事業,ESVUFR,,2729,瓦城
2732　六角,TW0002732005,2015/01/20,上櫃,觀光事業,ESVUFR,,2732,六角
2734　易飛網,TW0002734001,2013/12/26,上櫃,觀光事業,ESVUFR,,2734,易飛網
2736　高野,TW0002736006,2016/01/06,上櫃,觀光事業,ESVUFR,,2736,高野
2740　天蔥,TW0002740008,2015/12/24,上櫃,觀光事業,ESVUFR,,2740,天蔥
2743　山富,TW0002743002,2020/03/09,上櫃,觀光事業,ESVUFR,,2743,山富
2745　五福,TW0002745007,2018/04/16,上櫃,觀光事業,ESVUFR,,2745,五福
2752　豆府,TW0002752003,2019/09/25,上櫃,觀光事業,ESVUFR,,2752,豆府
2916　滿心,TW0002916004,2005/03/10,上櫃,貿易百貨業,ESVUFR,,2916,滿心
2924　東凌-KY,KYG198691092,2011/12/02,上櫃,貿易百貨業,ESVUFR,,2924,東凌-KY
2926　誠品生活,TW0002926003,2013/01/30,上櫃,文化創意業,ESVUFR,,2926,誠品生活
2928　紅馬-KY,KYG7448A1058,2016/01/27,上櫃,觀光事業,ESVUFR,,2928,紅馬-KY
2937　集雅社,TW0002937000,2017/06/08,上櫃,貿易百貨業,ESVUFR,,2937,集雅社
3064　泰偉,TW0003064002,2004/06/09,上櫃,文化創意業,ESVUFR,,3064,泰偉
3066　李洲,TW0003066007,2004/12/02,上櫃,光電業,ESVUFR,,3066,李洲
3067　全域,TW0003067005,2003/10/21,上櫃,其他電子業,ESVUFR,,3067,全域
3071　協禧,TW0003071007,2004/12/30,上櫃,電腦及週邊設備業,ESVUFR,,3071,協禧
3073　凱柏實業,TW0003073003,2007/10/08,上櫃,半導體業,ESVUFR,,3073,凱柏實業
3078　僑威,TW0003078002,2005/01/31,上櫃,電子零組件業,ESVUFR,,3078,僑威
3081　聯亞,TW0003081006,2015/07/22,上櫃,通信網路業,ESVUFR,,3081,聯亞
3083　網龍,TW0003083002,2003/12/02,上櫃,文化創意業,ESVUFR,,3083,網龍
3085　新零售,TW0003085007,2004/03/01,上櫃,電子商務,ESVUFR,,3085,新零售
3086　華義,TW0003086005,2004/03/29,上櫃,文化創意業,ESVUFR,,3086,華義
3088　艾訊,TW0003088001,2005/04/28,上櫃,電腦及週邊設備業,ESVUFR,,3088,艾訊
3089　元炬,TW0003089009,2003/10/14,上櫃,電子零組件業,ESVUFR,,3089,元炬
3092　鴻碩,TW0003092003,2010/05/11,上櫃,電子零組件業,ESVUFR,,3092,鴻碩
3093　港建,TW0003093001,2005/06/17,上櫃,其他電子業,ESVUFR,,3093,港建
3095　及成,TW0003095006,2005/05/26,上櫃,通信網路業,ESVUFR,,3095,及成
3105　穩懋,TW0003105003,2011/12/13,上櫃,半導體業,ESVUFR,,3105,穩懋
3114　好德,TW0003114005,2004/03/25,上櫃,電子零組件業,ESVUFR,,3114,好德
3115　寶島極,TW0003115002,2005/04/08,上櫃,電子零組件業,ESVUFR,,3115,寶島極
3118　進階,TW0003118006,2008/05/21,上櫃,生技醫療業,ESVUFR,,3118,進階
3122　笙泉,TW0003122008,2015/01/26,上櫃,半導體業,ESVUFR,,3122,笙泉
3128　昇銳,TW0003128005,2006/09/04,上櫃,光電業,ESVUFR,,3128,昇銳
3131　弘塑,TW0003131009,2011/01/17,上櫃,其他電子業,ESVUFR,,3131,弘塑
3141　晶宏,TW0003141008,2014/03/14,上櫃,半導體業,ESVUFR,,3141,晶宏
3144　新揚科,TW0003144002,2004/12/24,上櫃,電子零組件業,ESVUFR,,3144,新揚科
3147　大綜,TW0003147005,2018/05/29,上櫃,資訊服務業,ESVUFR,,3147,大綜
3152　璟德,TW0003152005,2008/03/24,上櫃,通信網路業,ESVUFR,,3152,璟德
3162　精確,TW0003162004,2005/10/03,上櫃,電機機械,ESVUFR,,3162,精確
3163　波若威,TW0003163002,2012/12/03,上櫃,通信網路業,ESVUFR,,3163,波若威
3169　亞信,TW0003169009,2009/11/24,上櫃,半導體業,ESVUFR,,3169,亞信
3171　新洲,TW0003171005,2004/09/17,上櫃,貿易百貨業,ESVUFR,,3171,新洲
3176　基亞,TW0003176004,2011/11/23,上櫃,生技醫療業,ESVUFR,,3176,基亞
3178　公準,TW0003178000,2018/11/19,上櫃,電機機械,ESVUFR,,3178,公準
3188　鑫龍騰,TW0003188009,2004/03/17,上櫃,建材營造業,ESVUFR,,3188,鑫龍騰
3191　和進,TW0003191003,2005/04/12,上櫃,電子零組件業,ESVUFR,,3191,和進
3202　樺晟,TW0003202008,2005/07/26,上櫃,電子零組件業,ESVUFR,,3202,樺晟
3205　佰研,TW0003205001,2005/09/12,上櫃,生技醫療業,ESVUFR,,3205,佰研
3206　志豐,TW0003206009,2007/02/08,上櫃,電子零組件業,ESVUFR,,3206,志豐
3207　耀勝,TW0003207007,2004/11/04,上櫃,電子零組件業,ESVUFR,,3207,耀勝
3211　順達,TW0003211009,2004/11/08,上櫃,電腦及週邊設備業,ESVUFR,,3211,順達
3213　茂訊,TW0003213005,2004/10/01,上櫃,電腦及週邊設備業,ESVUFR,,3213,茂訊
3217　優群,TW0003217006,2004/04/30,上櫃,電子零組件業,ESVUFR,,3217,優群
3218　大學光,TW0003218004,2004/11/29,上櫃,生技醫療業,ESVUFR,,3218,大學光
3219　倚強股份,TW0003219002,2004/03/19,上櫃,半導體業,ESVUFR,,3219,倚強股份
3221　台嘉碩,TW0003221008,2006/02/22,上櫃,通信網路業,ESVUFR,,3221,台嘉碩
3224　三顧,TW0003224002,2004/06/03,上櫃,電子通路業,ESVUFR,,3224,三顧
3226　至寶電,TW0003226007,2004/06/16,上櫃,電機機械,ESVUFR,,3226,至寶電
3227　原相,TW0003227005,2006/05/04,上櫃,半導體業,ESVUFR,,3227,原相
3228　金麗科,TW0003228003,2005/03/02,上櫃,半導體業,ESVUFR,,3228,金麗科
3230　錦明,TW0003230009,2006/09/25,上櫃,光電業,ESVUFR,,3230,錦明
3232　昱捷,TW0003232005,2004/11/01,上櫃,電子通路業,ESVUFR,,3232,昱捷
3234　光環,TW0003234001,2011/03/24,上櫃,通信網路業,ESVUFR,,3234,光環
3236　千如,TW0003236006,2004/12/02,上櫃,電子零組件業,ESVUFR,,3236,千如
3252　海灣,TW0003252003,2004/09/23,上櫃,觀光事業,ESVUFR,,3252,海灣
3259　鑫創,TW0003259008,2007/12/24,上櫃,半導體業,ESVUFR,,3259,鑫創
3260　威剛,TW0003260006,2004/10/08,上櫃,半導體業,ESVUFR,,3260,威剛
3264　欣銓,TW0003264008,2005/01/05,上櫃,半導體業,ESVUFR,,3264,欣銓
3265　台星科,TW0003265005,2005/08/02,上櫃,半導體業,ESVUFR,,3265,台星科
3268　海德威,TW0003268009,2005/01/27,上櫃,半導體業,ESVUFR,,3268,海德威
3272　東碩,TW0003272001,2014/08/26,上櫃,電腦及週邊設備業,ESVUFR,,3272,東碩
3276　宇環,TW0003276002,2005/01/12,上櫃,電子零組件業,ESVUFR,,3276,宇環
3284　太普高,TW0003284006,2005/03/22,上櫃,其他業,ESVUFR,,3284,太普高
3285　微端,TW0003285003,2012/07/23,上櫃,其他電子業,ESVUFR,,3285,微端
3287　廣寰科,TW0003287009,2008/01/28,上櫃,電腦及週邊設備業,ESVUFR,,3287,廣寰科
3288　點晶,TW0003288007,2005/04/15,上櫃,電子零組件業,ESVUFR,,3288,點晶
3289　宜特,TW0003289005,2004/12/28,上櫃,其他電子業,ESVUFR,,3289,宜特
3290　東浦,TW0003290003,2005/05/19,上櫃,電子零組件業,ESVUFR,,3290,東浦
3293　鈊象,TW0003293007,2006/07/12,上櫃,文化創意業,ESVUFR,,3293,鈊象
3294　英濟,TW0003294005,2007/04/27,上櫃,電子零組件業,ESVUFR,,3294,英濟
3297　杭特,TW0003297008,2005/06/07,上櫃,光電業,ESVUFR,,3297,杭特
3303　岱稜,TW0003303004,2007/05/28,上櫃,其他電子業,ESVUFR,,3303,岱稜
3306　鼎天,TW0003306007,2005/07/05,上櫃,通信網路業,ESVUFR,,3306,鼎天
3310　佳穎,TW0003310009,2008/06/27,上櫃,電子零組件業,ESVUFR,,3310,佳穎
3313　斐成,TW0003313003,2006/05/29,上櫃,電子零組件業,ESVUFR,,3313,斐成
3317　尼克森,TW0003317004,2007/08/09,上櫃,半導體業,ESVUFR,,3317,尼克森
3322　建舜電,TW0003322004,2009/05/20,上櫃,電子零組件業,ESVUFR,,3322,建舜電
3323　加百裕,TW0003323002,2007/06/25,上櫃,電腦及週邊設備業,ESVUFR,,3323,加百裕
3324　雙鴻,TW0003324000,2005/05/13,上櫃,其他電子業,ESVUFR,,3324,雙鴻
3325　旭品,TW0003325007,2005/08/15,上櫃,電腦及週邊設備業,ESVUFR,,3325,旭品
3332　幸康,TW0003332003,2008/01/24,上櫃,電子零組件業,ESVUFR,,3332,幸康
3339　泰谷,TW0003339008,2006/06/27,上櫃,光電業,ESVUFR,,3339,泰谷
3354　律勝,TW0003354007,2005/12/08,上櫃,電子零組件業,ESVUFR,,3354,律勝
3360　尚立,TW0003360004,2006/06/06,上櫃,電子通路業,ESVUFR,,3360,尚立
3362　先進光,TW0003362000,2005/09/06,上櫃,光電業,ESVUFR,,3362,先進光
3363　上詮,TW0003363008,2011/02/25,上櫃,通信網路業,ESVUFR,,3363,上詮
3372　典範,TW0003372009,2005/12/16,上櫃,半導體業,ESVUFR,,3372,典範
3373　熱映,TW0003373007,2007/12/13,上櫃,其他電子業,ESVUFR,,3373,熱映
3374　精材,TW0003374005,2015/03/30,上櫃,半導體業,ESVUFR,,3374,精材
3379　彬台,TW0003379004,2011/10/20,上櫃,電機機械,ESVUFR,,3379,彬台
3388　崇越電,TW0003388005,2006/02/22,上櫃,電子零組件業,ESVUFR,,3388,崇越電
3390　旭軟,TW0003390001,2006/02/22,上櫃,電子零組件業,ESVUFR,,3390,旭軟
3402　漢科,TW0003402004,2007/01/09,上櫃,其他電子業,ESVUFR,,3402,漢科
3426　台興,TW0003426003,2016/12/21,上櫃,電機機械,ESVUFR,,3426,台興
3434　哲固,TW0003434007,2008/01/28,上櫃,光電業,ESVUFR,,3434,哲固
3438　類比科,TW0003438008,2006/07/19,上櫃,半導體業,ESVUFR,,3438,類比科
3441　聯一光,TW0003441002,2010/10/04,上櫃,光電業,ESVUFR,,3441,聯一光
3444　利機,TW0003444006,2008/09/26,上櫃,電子通路業,ESVUFR,,3444,利機
3455　由田,TW0003455002,2007/12/27,上櫃,光電業,ESVUFR,,3455,由田
3465　進泰電子,TW0003465001,2008/01/28,上櫃,電子零組件業,ESVUFR,,3465,進泰電子
3466　致振,TW0003466009,2006/05/17,上櫃,通信網路業,ESVUFR,,3466,致振
3479　安勤,TW0003479002,2010/06/08,上櫃,電腦及週邊設備業,ESVUFR,,3479,安勤
3483　力致,TW0003483004,2006/12/18,上櫃,電腦及週邊設備業,ESVUFR,,3483,力致
3484　崧騰,TW0003484002,2007/11/09,上櫃,電子零組件業,ESVUFR,,3484,崧騰
3489　森寶,TW0003489001,2007/09/29,上櫃,建材營造業,ESVUFR,,3489,森寶
3490　單井,TW0003490009,2007/10/15,上櫃,光電業,ESVUFR,,3490,單井
3491　昇達科,TW0003491007,2008/01/03,上櫃,通信網路業,ESVUFR,,3491,昇達科
3492　長盛,TW0003492005,2015/05/18,上櫃,電子零組件業,ESVUFR,,3492,長盛
3498　陽程,TW0003498002,2007/09/11,上櫃,其他電子業,ESVUFR,,3498,陽程
3499　環天科,TW0003499000,2006/10/19,上櫃,通信網路業,ESVUFR,,3499,環天科
3508　位速,TW0003508008,2007/10/17,上櫃,其他電子業,ESVUFR,,3508,位速
3511　矽瑪,TW0003511002,2009/02/16,上櫃,電子零組件業,ESVUFR,,3511,矽瑪
3512　皇龍,TW0003512000,2007/07/25,上櫃,電子零組件業,ESVUFR,,3512,皇龍
3516　亞帝歐,TW0003516001,2007/11/29,上櫃,光電業,ESVUFR,,3516,亞帝歐
3520　振維,TW0003520003,2007/10/12,上櫃,電子零組件業,ESVUFR,,3520,振維
3521　鴻翊,TW0003521001,2007/08/07,上櫃,電腦及週邊設備業,ESVUFR,,3521,鴻翊
3522　御頂,TW0003522009,2007/10/15,上櫃,觀光事業,ESVUFR,,3522,御頂
3523　迎輝,TW0003523007,2007/11/16,上櫃,光電業,ESVUFR,,3523,迎輝
3526　凡甲,TW0003526000,2007/11/02,上櫃,電子零組件業,ESVUFR,,3526,凡甲
3527　聚積,TW0003527008,2007/10/29,上櫃,半導體業,ESVUFR,,3527,聚積
3529　力旺,TW0003529004,2011/01/24,上櫃,半導體業,ESVUFR,,3529,力旺
3531　先益,TW0003531000,2008/04/08,上櫃,光電業,ESVUFR,,3531,先益
3537　堡達,TW0003537007,2010/01/25,上櫃,電子零組件業,ESVUFR,,3537,堡達
3540　曜越,TW0003540001,2007/12/12,上櫃,電腦及週邊設備業,ESVUFR,,3540,曜越
3541　西柏,TW0003541009,2009/12/22,上櫃,其他電子業,ESVUFR,,3541,西柏
3546　宇峻,TW0003546008,2008/04/18,上櫃,文化創意業,ESVUFR,,3546,宇峻
3548　兆利,TW0003548004,2008/03/27,上櫃,電子零組件業,ESVUFR,,3548,兆利
3551　世禾,TW0003551008,2008/04/15,上櫃,其他電子業,ESVUFR,,3551,世禾
3552　同致,TW0003552006,2009/01/07,上櫃,其他電子業,ESVUFR,,3552,同致
3555　重鵬,TW0003555009,2011/11/08,上櫃,半導體業,ESVUFR,,3555,重鵬
3556　禾瑞亞,TW0003556007,2008/04/15,上櫃,半導體業,ESVUFR,,3556,禾瑞亞
3558　神準,TW0003558003,2013/12/30,上櫃,通信網路業,ESVUFR,,3558,神準
3564　其陽,TW0003564001,2013/12/03,上櫃,通信網路業,ESVUFR,,3564,其陽
3567　逸昌,TW0003567004,2010/11/22,上櫃,半導體業,ESVUFR,,3567,逸昌
3570　大塚,TW0003570008,2008/10/23,上櫃,資訊服務業,ESVUFR,,3570,大塚
3577　泓格,TW0003577003,2009/01/06,上櫃,電腦及週邊設備業,ESVUFR,,3577,泓格
3580　友威科,TW0003580007,2010/07/09,上櫃,其他電子業,ESVUFR,,3580,友威科
3581　博磊,TW0003581005,2015/01/20,上櫃,半導體業,ESVUFR,,3581,博磊
3587　閎康,TW0003587002,2009/08/18,上櫃,其他電子業,ESVUFR,,3587,閎康
3594　磐儀,TW0003594008,2013/05/07,上櫃,電腦及週邊設備業,ESVUFR,,3594,磐儀
3597　映興,TW0003597001,2020/03/09,上櫃,電子零組件業,ESVUFR,,3597,映興
3609　東林,TW0003609004,2011/01/11,上櫃,電子零組件業,ESVUFR,,3609,東林
3611　鼎翰,TW0003611000,2008/11/26,上櫃,電腦及週邊設備業,ESVUFR,,3611,鼎翰
3615　安可,TW0003615001,2009/04/15,上櫃,光電業,ESVUFR,,3615,安可
3623　富晶通,TW0003623005,2010/04/28,上櫃,光電業,ESVUFR,,3623,富晶通
3624　光頡,TW0003624003,2011/03/16,上櫃,電子零組件業,ESVUFR,,3624,光頡
3625　西勝,TW0003625000,2009/10/28,上櫃,電腦及週邊設備業,ESVUFR,,3625,西勝
3628　盈正,TW0003628004,2010/09/09,上櫃,其他電子業,ESVUFR,,3628,盈正
3629　地心引力,TW0003629002,2010/05/27,上櫃,光電業,ESVUFR,,3629,地心引力
3630　新鉅科,TW0003630000,2010/04/26,上櫃,光電業,ESVUFR,,3630,新鉅科
3631　晟楠,TW0003631008,2010/12/20,上櫃,電子零組件業,ESVUFR,,3631,晟楠
3632　研勤,TW0003632006,2011/01/11,上櫃,通信網路業,ESVUFR,,3632,研勤
3642　駿熠電,TW0003642005,2011/09/29,上櫃,其他電子業,ESVUFR,,3642,駿熠電
3646　艾恩特,TW0003646006,2012/03/27,上櫃,電子零組件業,ESVUFR,,3646,艾恩特
3652　精聯,TW0003652004,2009/08/27,上櫃,電腦及週邊設備業,ESVUFR,,3652,精聯
3663　鑫科,TW0003663001,2012/11/20,上櫃,其他電子業,ESVUFR,,3663,鑫科
3664　安瑞-KY,KYG0550W1069,2010/06/24,上櫃,通信網路業,ESVUFR,,3664,安瑞-KY
3666　光耀,TW0003666004,2014/12/04,上櫃,光電業,ESVUFR,,3666,光耀
3672　康聯訊,TW0003672002,2015/04/20,上櫃,通信網路業,ESVUFR,,3672,康聯訊
3675　德微,TW0003675005,2012/06/29,上櫃,半導體業,ESVUFR,,3675,德微
3680　家登,TW0003680005,2011/08/31,上櫃,半導體業,ESVUFR,,3680,家登
3684　榮昌,TW0003684007,2014/03/28,上櫃,通信網路業,ESVUFR,,3684,榮昌
3685　元創精密,TW0003685004,2010/12/08,上櫃,光電業,ESVUFR,,3685,元創精密
3687　歐買尬,TW0003687000,2011/01/11,上櫃,文化創意業,ESVUFR,,3687,歐買尬
3689　湧德,TW0003689006,2012/10/18,上櫃,電子零組件業,ESVUFR,,3689,湧德
3691　碩禾,TW0003691002,2010/11/18,上櫃,光電業,ESVUFR,,3691,碩禾
3693　營邦,TW0003693008,2013/11/27,上櫃,電腦及週邊設備業,ESVUFR,,3693,營邦
3707　漢磊,TW0003707006,2014/10/01,上櫃,半導體業,ESVUFR,,3707,漢磊
3709　鑫聯大投控,TW0003709002,1999/04/16,上櫃,電腦及週邊設備業,ESVUFR,,3709,鑫聯大投控
3710　連展投控,TW0003710000,2017/12/29,上櫃,電子零組件業,ESVUFR,,3710,連展投控
3713　新晶投控,TW0003713004,2020/02/27,上櫃,光電業,ESVUFR,,3713,新晶投控
4102　永日,TW0004102009,2001/03/20,上櫃,生技醫療業,ESVUFR,,4102,永日
4105　東洋,TW0004105002,2001/09/27,上櫃,生技醫療業,ESVUFR,,4105,東洋
4107　邦特,TW0004107008,2002/03/04,上櫃,生技醫療業,ESVUFR,,4107,邦特
4109　加捷生醫,TW0004109004,2002/08/08,上櫃,生技醫療業,ESVUFR,,4109,加捷生醫
4111　濟生,TW0004111000,1999/03/06,上櫃,生技醫療業,ESVUFR,,4111,濟生
4113　聯上,TW0004113006,2003/07/22,上櫃,建材營造業,ESVUFR,,4113,聯上
4114　健喬,TW0004114004,2003/05/12,上櫃,生技醫療業,ESVUFR,,4114,健喬
4116　明基醫,TW0004116009,2015/12/16,上櫃,生技醫療業,ESVUFR,,4116,明基醫
4120　友華,TW0004120001,2003/11/05,上櫃,生技醫療業,ESVUFR,,4120,友華
4121　優盛,TW0004121009,2003/07/25,上櫃,生技醫療業,ESVUFR,,4121,優盛
4123　晟德,TW0004123005,2003/10/07,上櫃,生技醫療業,ESVUFR,,4123,晟德
4126　太醫,TW0004126008,2004/02/09,上櫃,生技醫療業,ESVUFR,,4126,太醫
4127　天良,TW0004127006,2005/07/29,上櫃,生技醫療業,ESVUFR,,4127,天良
4128　中天,TW0004128004,2006/06/09,上櫃,生技醫療業,ESVUFR,,4128,中天
4129　聯合,TW0004129002,2004/09/29,上櫃,生技醫療業,ESVUFR,,4129,聯合
4130　健亞,TW0004130000,2012/01/12,上櫃,生技醫療業,ESVUFR,,4130,健亞
4131　晶宇,TW0004131008,2004/04/09,上櫃,生技醫療業,ESVUFR,,4131,晶宇
4138　曜亞,TW0004138003,2010/12/29,上櫃,生技醫療業,ESVUFR,,4138,曜亞
4139　馬光-KY,KYG5831M1087,2011/04/29,上櫃,生技醫療業,ESVUFR,,4139,馬光-KY
4147　中裕,TW0004147004,2015/11/23,上櫃,生技醫療業,ESVUFR,,4147,中裕
4152　台微體,TW0004152004,2012/12/21,上櫃,生技醫療業,ESVUFR,,4152,台微體
4153　鈺緯,TW0004153002,2013/05/23,上櫃,生技醫療業,ESVUFR,,4153,鈺緯
4154　康樂-KY,KYG527551082,2011/12/28,上櫃,生技醫療業,ESVUFR,,4154,康樂-KY
4157　太景*-KY,KYG866171005,2013/08/30,上櫃,生技醫療業,ESVUFR,,4157,太景*-KY
4160　創源,TW0004160007,2012/09/17,上櫃,生技醫療業,ESVUFR,,4160,創源
4161　聿新科,TW0004161005,2013/06/26,上櫃,生技醫療業,ESVUFR,,4161,聿新科
4162　智擎,TW0004162003,2012/09/18,上櫃,生技醫療業,ESVUFR,,4162,智擎
4163　鐿鈦,TW0004163001,2012/11/15,上櫃,生技醫療業,ESVUFR,,4163,鐿鈦
4167　展旺,TW0004167002,2015/09/08,上櫃,生技醫療業,ESVUFR,,4167,展旺
4168　醣聯,TW0004168000,2012/12/18,上櫃,生技醫療業,ESVUFR,,4168,醣聯
4171　瑞基,TW0004171004,2018/03/28,上櫃,農業科技業,ESVUFR,,4171,瑞基
4173　久裕,TW0004173000,2013/10/31,上櫃,生技醫療業,ESVUFR,,4173,久裕
4174　浩鼎,TW0004174008,2015/03/23,上櫃,生技醫療業,ESVUFR,,4174,浩鼎
4175　杏一,TW0004175005,2014/04/23,上櫃,生技醫療業,ESVUFR,,4175,杏一
4183　福永生技,TW0004183009,2017/03/09,上櫃,生技醫療業,ESVUFR,,4183,福永生技
4188　安克,TW0004188008,2015/03/24,上櫃,生技醫療業,ESVUFR,,4188,安克
4192　杏國,TW0004192000,2014/10/28,上櫃,生技醫療業,ESVUFR,,4192,杏國
4198　環瑞醫,TW0004198007,2014/12/23,上櫃,生技醫療業,ESVUFR,,4198,環瑞醫
4205　中華食,TW0004205000,1999/01/31,上櫃,食品工業,ESVUFR,,4205,中華食
4207　環泰,TW0004207006,2000/01/21,上櫃,食品工業,ESVUFR,,4207,環泰
4303　信立,TW0004303003,1999/03/10,上櫃,塑膠工業,ESVUFR,,4303,信立
4304　勝昱,TW0004304001,2000/01/27,上櫃,塑膠工業,ESVUFR,,4304,勝昱
4305　世坤,TW0004305008,2000/09/28,上櫃,塑膠工業,ESVUFR,,4305,世坤
4401　東隆興,TW0004401005,1996/05/09,上櫃,紡織纖維,ESVUFR,,4401,東隆興
4402　福大,TW0004402003,1997/07/23,上櫃,紡織纖維,ESVUFR,,4402,福大
4406　新昕纖,TW0004406004,1999/01/14,上櫃,紡織纖維,ESVUFR,,4406,新昕纖
4413　飛寶企業,TW0004413000,1999/07/29,上櫃,紡織纖維,ESVUFR,,4413,飛寶企業
4416　三圓,TW0004416003,2000/05/06,上櫃,建材營造業,ESVUFR,,4416,三圓
4417　金洲,TW0004417001,2000/11/07,上櫃,紡織纖維,ESVUFR,,4417,金洲
4419　元勝,TW0004419007,2001/06/26,上櫃,紡織纖維,ESVUFR,,4419,元勝
4420　光明,TW0004420005,2002/04/18,上櫃,紡織纖維,ESVUFR,,4420,光明
4429　聚紡,TW0004429006,2010/09/15,上櫃,紡織纖維,ESVUFR,,4429,聚紡
4430　耀億,TW0004430004,2011/06/09,上櫃,其他業,ESVUFR,,4430,耀億
4432　銘旺實,TW0004432000,2012/11/26,上櫃,紡織纖維,ESVUFR,,4432,銘旺實
4433　興采,TW0004433008,2014/11/03,上櫃,紡織纖維,ESVUFR,,4433,興采
4502　健信,TW0004502000,1995/12/12,上櫃,電機機械,ESVUFR,,4502,健信
4503　金雨,TW0004503008,1996/12/19,上櫃,電機機械,ESVUFR,,4503,金雨
4506　崇友,TW0004506001,1997/12/06,上櫃,電機機械,ESVUFR,,4506,崇友
4510　高鋒,TW0004510003,1998/02/24,上櫃,電機機械,ESVUFR,,4510,高鋒
4513　福裕,TW0004513007,1998/03/25,上櫃,電機機械,ESVUFR,,4513,福裕
4523　永彰,TW0004523006,1999/11/22,上櫃,電機機械,ESVUFR,,4523,永彰
4527　方土霖,TW0004527007,2000/09/28,上櫃,電機機械,ESVUFR,,4527,方土霖
4528　江興鍛,TW0004528005,2001/02/12,上櫃,電機機械,ESVUFR,,4528,江興鍛
4529　淳紳,TW0004529003,2001/05/04,上櫃,其他業,ESVUFR,,4529,淳紳
4530　宏易,TW0004530001,2001/04/30,上櫃,電機機械,ESVUFR,,4530,宏易
4533　協易機,TW0004533005,2002/04/26,上櫃,電機機械,ESVUFR,,4533,協易機
4534　慶騰,TW0004534003,2003/03/31,上櫃,電機機械,ESVUFR,,4534,慶騰
4535　至興,TW0004535000,2003/04/16,上櫃,電機機械,ESVUFR,,4535,至興
4538　大詠城,TW0004538004,2019/01/15,上櫃,電機機械,ESVUFR,,4538,大詠城
4541　晟田,TW0004541008,2014/07/22,上櫃,其他業,ESVUFR,,4541,晟田
4542　科嶠,TW0004542006,2014/08/25,上櫃,電子零組件業,ESVUFR,,4542,科嶠
4543　萬在,TW0004543004,2016/03/15,上櫃,電機機械,ESVUFR,,4543,萬在
4549　桓達,TW0004549001,2014/11/27,上櫃,電機機械,ESVUFR,,4549,桓達
4550　長佳,TW0004550009,2015/03/18,上櫃,電機機械,ESVUFR,,4550,長佳
4554　橙的,TW0004554001,2016/08/05,上櫃,其他電子業,ESVUFR,,4554,橙的
4556　旭然,TW0004556006,2015/12/22,上櫃,其他業,ESVUFR,,4556,旭然
4561　健椿,TW0004561006,2018/06/11,上櫃,電機機械,ESVUFR,,4561,健椿
4563　百德,TW0004563002,2018/07/12,上櫃,電機機械,ESVUFR,,4563,百德
4568　科際精密,TW0004568001,2018/10/03,上櫃,電機機械,ESVUFR,,4568,科際精密
4580　捷流閥業,TW0004580006,2020/01/06,上櫃,電機機械,ESVUFR,,4580,捷流閥業
4609　唐鋒,TW0004609003,2000/05/19,上櫃,電器電纜,ESVUFR,,4609,唐鋒
4702　中美實,TW0004702006,1995/04/21,上櫃,化學工業,ESVUFR,,4702,中美實
4706　大恭,TW0004706007,1998/04/17,上櫃,化學工業,ESVUFR,,4706,大恭
4707　磐亞,TW0004707005,1998/05/20,上櫃,化學工業,ESVUFR,,4707,磐亞
4711　永純,TW0004711007,1999/02/24,上櫃,化學工業,ESVUFR,,4711,永純
4712　南璋,TW0004712005,1999/04/03,上櫃,食品工業,ESVUFR,,4712,南璋
4714　永捷,TW0004714001,2000/03/27,上櫃,化學工業,ESVUFR,,4714,永捷
4716　大立,TW0004716006,2000/03/27,上櫃,化學工業,ESVUFR,,4716,大立
4721　美琪瑪,TW0004721006,2001/03/09,上櫃,化學工業,ESVUFR,,4721,美琪瑪
4726　永昕,TW0004726005,2013/12/25,上櫃,生技醫療業,ESVUFR,,4726,永昕
4728　雙美,TW0004728001,2012/01/10,上櫃,生技醫療業,ESVUFR,,4728,雙美
4729　熒茂,TW0004729009,2009/02/24,上櫃,光電業,ESVUFR,,4729,熒茂
4735　豪展,TW0004735006,2011/08/16,上櫃,生技醫療業,ESVUFR,,4735,豪展
4736　泰博,TW0004736004,2010/12/01,上櫃,生技醫療業,ESVUFR,,4736,泰博
4741　泓瀚,TW0004741004,2017/09/26,上櫃,化學工業,ESVUFR,,4741,泓瀚
4743　合一,TW0004743000,2011/09/23,上櫃,生技醫療業,ESVUFR,,4743,合一
4744　皇將,TW0004744008,2018/07/12,上櫃,生技醫療業,ESVUFR,,4744,皇將
4745　合富-KY,KYG248111042,2013/01/30,上櫃,生技醫療業,ESVUFR,,4745,合富-KY
4747　強生,TW0004747001,2013/12/25,上櫃,生技醫療業,ESVUFR,,4747,強生
4754　國碳科,TW0004754007,2016/09/28,上櫃,化學工業,ESVUFR,,4754,國碳科
4760　勤凱,TW0004760004,2019/03/21,上櫃,其他電子業,ESVUFR,,4760,勤凱
4767　誠泰科技,TW0004767009,2018/10/29,上櫃,化學工業,ESVUFR,,4767,誠泰科技
4803　VHQ-KY,KYG9344G1038,2015/12/16,上櫃,文化創意業,ESVUFR,,4803,VHQ-KY
4804　大略-KY,KYG2646C1024,2015/12/04,上櫃,觀光事業,ESVUFR,,4804,大略-KY
4806　昇華,TW0004806005,2016/03/09,上櫃,文化創意業,ESVUFR,,4806,昇華
4903　聯光通,TW0004903000,2001/05/14,上櫃,通信網路業,ESVUFR,,4903,聯光通
4905　台聯電,TW0004905005,2001/12/07,上櫃,通信網路業,ESVUFR,,4905,台聯電
4907　富宇,TW0004907001,2002/03/04,上櫃,建材營造業,ESVUFR,,4907,富宇
4908　前鼎,TW0004908009,2002/02/27,上櫃,通信網路業,ESVUFR,,4908,前鼎
4909　新復興,TW0004909007,2002/11/28,上櫃,通信網路業,ESVUFR,,4909,新復興
4911　德英,TW0004911003,2011/03/21,上櫃,生技醫療業,ESVUFR,,4911,德英
4924　欣厚-KY,KYG4642A1067,2011/10/18,上櫃,電腦及週邊設備業,ESVUFR,,4924,欣厚-KY
4931　新盛力,TW0004931001,2019/09/17,上櫃,電腦及週邊設備業,ESVUFR,,4931,新盛力
4933　友輝,TW0004933007,2010/05/04,上櫃,光電業,ESVUFR,,4933,友輝
4939　亞電,TW0004939004,2011/09/19,上櫃,電子零組件業,ESVUFR,,4939,亞電
4944　兆遠,TW0004944004,2011/05/31,上櫃,光電業,ESVUFR,,4944,兆遠
4946　辣椒,TW0004946009,2011/06/10,上櫃,文化創意業,ESVUFR,,4946,辣椒
4947　昂寶-KY,KYG675291002,2011/10/18,上櫃,半導體業,ESVUFR,,4947,昂寶-KY
4950　牧東,TW0004950001,2012/04/27,上櫃,其他業,ESVUFR,,4950,牧東
4953　緯軟,TW0004953005,2014/01/08,上櫃,資訊服務業,ESVUFR,,4953,緯軟
4966　譜瑞-KY,KYG6892A1085,2011/09/13,上櫃,半導體業,ESVUFR,,4966,譜瑞-KY
4971　IET-KY,KYG480071011,2013/07/24,上櫃,半導體業,ESVUFR,,4971,IET-KY
4972　湯石照明,TW0004972005,2013/06/17,上櫃,光電業,ESVUFR,,4972,湯石照明
4973　廣穎,TW0004973003,2012/06/19,上櫃,半導體業,ESVUFR,,4973,廣穎
4974　亞泰,TW0004974001,2011/11/29,上櫃,電子零組件業,ESVUFR,,4974,亞泰
4979　華星光,TW0004979000,2011/12/12,上櫃,通信網路業,ESVUFR,,4979,華星光
4987　科誠,TW0004987003,2012/03/21,上櫃,電腦及週邊設備業,ESVUFR,,4987,科誠
4991　環宇-KY,KYG377541019,2014/09/15,上櫃,半導體業,ESVUFR,,4991,環宇-KY
4995　晶達,TW0004995006,2012/05/09,上櫃,光電業,ESVUFR,,4995,晶達
5009　榮剛,TW0005009005,1998/10/17,上櫃,鋼鐵工業,ESVUFR,,5009,榮剛
5011　久陽,TW0005011001,1999/05/06,上櫃,鋼鐵工業,ESVUFR,,5011,久陽
5013　強新,TW0005013007,2000/05/08,上櫃,鋼鐵工業,ESVUFR,,5013,強新
5014　建錩,TW0005014005,2001/02/15,上櫃,鋼鐵工業,ESVUFR,,5014,建錩
5015　華祺,TW0005015002,2000/12/15,上櫃,鋼鐵工業,ESVUFR,,5015,華祺
5016　松和,TW0005016000,2001/03/05,上櫃,鋼鐵工業,ESVUFR,,5016,松和
5102　富強,TW0005102008,2000/10/27,上櫃,橡膠工業,ESVUFR,,5102,富強
5201　凱衛,TW0005201008,2000/10/12,上櫃,資訊服務業,ESVUFR,,5201,凱衛
5202　力新,TW0005202006,2000/10/18,上櫃,資訊服務業,ESVUFR,,5202,力新
5205　中茂,TW0005205009,2001/05/14,上櫃,其他電子業,ESVUFR,,5205,中茂
5206　坤悅,TW0005206007,2001/10/08,上櫃,建材營造業,ESVUFR,,5206,坤悅
5209　新鼎,TW0005209001,2002/02/25,上櫃,資訊服務業,ESVUFR,,5209,新鼎
5210　寶碩,TW0005210009,2002/04/25,上櫃,資訊服務業,ESVUFR,,5210,寶碩
5211　蒙恬,TW0005211007,2002/12/23,上櫃,資訊服務業,ESVUFR,,5211,蒙恬
5212　凌網,TW0005212005,2003/03/24,上櫃,資訊服務業,ESVUFR,,5212,凌網
5213　亞昕,TW0005213003,2003/04/24,上櫃,建材營造業,ESVUFR,,5213,亞昕
5220　萬達光電,TW0005220008,2018/04/26,上櫃,光電業,ESVUFR,,5220,萬達光電
5223　安力-KY,KYG0458G1047,2018/07/02,上櫃,電腦及週邊設備業,ESVUFR,,5223,安力-KY
5227　立凱-KY,KYG0100G1064,2013/12/09,上櫃,電子零組件業,ESVUFR,,5227,立凱-KY
5230　雷笛克光學,TW0005230007,2012/06/05,上櫃,光電業,ESVUFR,,5230,雷笛克光學
5245　智晶,TW0005245005,2015/05/25,上櫃,光電業,ESVUFR,,5245,智晶
5251　天鉞電,TW0005251003,2012/11/26,上櫃,光電業,ESVUFR,,5251,天鉞電
5263　智崴,TW0005263008,2012/12/18,上櫃,文化創意業,ESVUFR,,5263,智崴
5272　笙科,TW0005272009,2013/05/30,上櫃,半導體業,ESVUFR,,5272,笙科
5274　信驊,TW0005274005,2013/04/30,上櫃,半導體業,ESVUFR,,5274,信驊
5276　達輝-KY,KYG2743W1006,2014/06/12,上櫃,其他業,ESVUFR,,5276,達輝-KY
5278　尚凡,TW0005278006,2013/06/04,上櫃,電子商務,ESVUFR,,5278,尚凡
5281　大峽谷-KY,KYG853901059,2016/03/30,上櫃,光電業,ESVUFR,,5281,大峽谷-KY
5287　數字,TW0005287007,2014/01/20,上櫃,電子商務,ESVUFR,,5287,數字
5289　宜鼎,TW0005289003,2013/11/27,上櫃,電腦及週邊設備業,ESVUFR,,5289,宜鼎
5291　邑昇,TW0005291009,2014/12/23,上櫃,電子零組件業,ESVUFR,,5291,邑昇
5299　杰力,TW0005299002,2018/01/23,上櫃,半導體業,ESVUFR,,5299,杰力
5301　寶得利,TW0005301006,1990/06/25,上櫃,觀光事業,ESVUFR,,5301,寶得利
5302　太欣,TW0005302004,1991/01/17,上櫃,半導體業,ESVUFR,,5302,太欣
5304　鼎創達,TW0005304000,1991/07/16,上櫃,電腦及週邊設備業,ESVUFR,,5304,鼎創達
5306　桂盟,TW0005306005,1995/12/26,上櫃,其他業,ESVUFR,,5306,桂盟
5309　系統電,TW0005309009,1996/03/18,上櫃,電子零組件業,ESVUFR,,5309,系統電
5310　天剛,TW0005310007,1996/04/09,上櫃,資訊服務業,ESVUFR,,5310,天剛
5312　寶島科,TW0005312003,1996/05/25,上櫃,生技醫療業,ESVUFR,,5312,寶島科
5314　世紀,TW0005314009,1996/09/16,上櫃,半導體業,ESVUFR,,5314,世紀
5315　光聯,TW0005315006,1996/11/02,上櫃,光電業,ESVUFR,,5315,光聯
5321　友銓,TW0005321004,1996/12/30,上櫃,電子零組件業,ESVUFR,,5321,友銓
5324　士開,TW0005324008,1997/01/30,上櫃,建材營造業,ESVUFR,,5324,士開
5328　華容,TW0005328009,1997/08/28,上櫃,電子零組件業,ESVUFR,,5328,華容
5340　建榮,TW0005340004,1998/01/20,上櫃,電子零組件業,ESVUFR,,5340,建榮
5344　立衛,TW0005344006,1998/03/23,上櫃,半導體業,ESVUFR,,5344,立衛
5345　天揚,TW0005345003,1998/03/23,上櫃,電子零組件業,ESVUFR,,5345,天揚
5347　世界,TW0005347009,1998/03/25,上櫃,半導體業,ESVUFR,,5347,世界
5348　系通,TW0005348007,1998/04/29,上櫃,通信網路業,ESVUFR,,5348,系通
5349　先豐,TW0005349005,1998/06/25,上櫃,電子零組件業,ESVUFR,,5349,先豐
5351　鈺創,TW0005351001,1998/05/15,上櫃,半導體業,ESVUFR,,5351,鈺創
5353　台林,TW0005353007,1998/05/18,上櫃,通信網路業,ESVUFR,,5353,台林
5355　佳總,TW0005355002,1998/06/23,上櫃,電子零組件業,ESVUFR,,5355,佳總
5356　協益,TW0005356000,1998/07/20,上櫃,電腦及週邊設備業,ESVUFR,,5356,協益
5364　力麗店,TW0005364004,2013/08/26,上櫃,觀光事業,ESVUFR,,5364,力麗店
5371　中光電,TW0005371009,1999/01/20,上櫃,光電業,ESVUFR,,5371,中光電
5381　合正,TW0005381008,1999/03/19,上櫃,電子零組件業,ESVUFR,,5381,合正
5383　金利,TW0005383004,1999/04/14,上櫃,其他電子業,ESVUFR,,5383,金利
5386　青雲,TW0005386007,1999/05/13,上櫃,電腦及週邊設備業,ESVUFR,,5386,青雲
5392　應華,TW0005392005,1999/06/14,上櫃,光電業,ESVUFR,,5392,應華
5398　慕康生醫,TW0005398002,1999/10/11,上櫃,其他業,ESVUFR,,5398,慕康生醫
5403　中菲,TW0005403000,1999/10/15,上櫃,資訊服務業,ESVUFR,,5403,中菲
5410　國眾,TW0005410005,1999/11/26,上櫃,資訊服務業,ESVUFR,,5410,國眾
5425　台半,TW0005425003,2000/02/21,上櫃,半導體業,ESVUFR,,5425,台半
5426　振發,TW0005426001,2000/02/09,上櫃,電腦及週邊設備業,ESVUFR,,5426,振發
5432　達威,TW0005432009,2000/03/21,上櫃,光電業,ESVUFR,,5432,達威
5438　東友,TW0005438006,2000/06/17,上櫃,電腦及週邊設備業,ESVUFR,,5438,東友
5439　高技,TW0005439004,2000/06/26,上櫃,電子零組件業,ESVUFR,,5439,高技
5443　均豪,TW0005443006,1998/02/09,上櫃,光電業,ESVUFR,,5443,均豪
5450　寶聯通,TW0005450001,2000/08/22,上櫃,電腦及週邊設備業,ESVUFR,,5450,寶聯通
5452　佶優,TW0005452007,2000/10/02,上櫃,其他電子業,ESVUFR,,5452,佶優
5455　昇益,TW0005455000,2000/10/19,上櫃,建材營造業,ESVUFR,,5455,昇益
5457　宣德,TW0005457006,2000/09/29,上櫃,電子零組件業,ESVUFR,,5457,宣德
5460　同協,TW0005460000,2000/09/28,上櫃,電子零組件業,ESVUFR,,5460,同協
5464　霖宏,TW0005464002,2000/11/08,上櫃,電子零組件業,ESVUFR,,5464,霖宏
5465　富驊,TW0005465009,2000/11/08,上櫃,電腦及週邊設備業,ESVUFR,,5465,富驊
5468　凱鈺,TW0005468003,2001/01/17,上櫃,半導體業,ESVUFR,,5468,凱鈺
5474　聰泰,TW0005474001,2001/03/20,上櫃,電腦及週邊設備業,ESVUFR,,5474,聰泰
5475　德宏,TW0005475008,2001/01/16,上櫃,電子零組件業,ESVUFR,,5475,德宏
5478　智冠,TW0005478002,2001/03/29,上櫃,文化創意業,ESVUFR,,5478,智冠
5481　新華,TW0005481006,2001/04/27,上櫃,電子零組件業,ESVUFR,,5481,新華
5483　中美晶,TW0005483002,2001/03/02,上櫃,半導體業,ESVUFR,,5483,中美晶
5487　通泰,TW0005487003,2001/02/20,上櫃,半導體業,ESVUFR,,5487,通泰
5488　松普,TW0005488001,2001/03/12,上櫃,電子零組件業,ESVUFR,,5488,松普
5489　彩富,TW0005489009,2001/03/12,上櫃,其他電子業,ESVUFR,,5489,彩富
5490　同亨,TW0005490007,2001/05/14,上櫃,電腦及週邊設備業,ESVUFR,,5490,同亨
5493　三聯,TW0005493001,2001/05/03,上櫃,其他電子業,ESVUFR,,5493,三聯
5498　凱崴,TW0005498000,2001/03/29,上櫃,電子零組件業,ESVUFR,,5498,凱崴
5508　永信建,TW0005508006,1998/05/13,上櫃,建材營造業,ESVUFR,,5508,永信建
5511　德昌,TW0005511000,1998/12/09,上櫃,建材營造業,ESVUFR,,5511,德昌
5512　力麒,TW0005512008,1998/12/04,上櫃,建材營造業,ESVUFR,,5512,力麒
5514　三豐,TW0005514004,1998/12/29,上櫃,建材營造業,ESVUFR,,5514,三豐
5516　雙喜,TW0005516009,1999/03/23,上櫃,建材營造業,ESVUFR,,5516,雙喜
5520　力泰,TW0005520001,1999/10/27,上櫃,建材營造業,ESVUFR,,5520,力泰
5523　豐謙,TW0005523005,1999/12/27,上櫃,建材營造業,ESVUFR,,5523,豐謙
5529　志嘉,TW0005529002,1996/01/12,上櫃,建材營造業,ESVUFR,,5529,志嘉
5530　龍巖,TW0005530000,2000/10/04,上櫃,其他業,ESVUFR,,5530,龍巖
5536　聖暉,TW0005536007,2010/11/10,上櫃,其他電子業,ESVUFR,,5536,聖暉
5543　崇佑-KY,KYG1676E1035,2016/05/09,上櫃,建材營造業,ESVUFR,,5543,崇佑-KY
5601　台聯櫃,TW0005601009,1994/11/24,上櫃,航運業,ESVUFR,,5601,台聯櫃
5603　陸海,TW0005603005,1997/01/25,上櫃,航運業,ESVUFR,,5603,陸海
5604　中連貨,TW0005604003,1997/05/22,上櫃,航運業,ESVUFR,,5604,中連貨
5609　中菲行,TW0005609002,2001/10/15,上櫃,航運業,ESVUFR,,5609,中菲行
5701　劍湖山,TW0005701007,1998/03/12,上櫃,觀光事業,ESVUFR,,5701,劍湖山
5703　亞都,TW0005703003,1999/06/15,上櫃,觀光事業,ESVUFR,,5703,亞都
5704　老爺知,TW0005704001,1999/12/21,上櫃,觀光事業,ESVUFR,,5704,老爺知
5820　日盛金,TW0005820005,2002/02/05,上櫃,金融保險業,ESVUFR,,5820,日盛金
5864　致和證,TW0005864003,2018/04/02,上櫃,金融保險業,ESVUFR,,5864,致和證
5878　台名,TW0005878003,2014/10/28,上櫃,金融保險業,ESVUFR,,5878,台名
5902　德記,TW0005902001,1998/02/07,上櫃,貿易百貨業,ESVUFR,,5902,德記
5903　全家,TW0005903009,2002/02/25,上櫃,貿易百貨業,ESVUFR,,5903,全家
5904　寶雅,TW0005904007,2002/09/06,上櫃,貿易百貨業,ESVUFR,,5904,寶雅
5905　南仁湖,TW0005905004,2003/06/17,上櫃,貿易百貨業,ESVUFR,,5905,南仁湖
6015　宏遠證,TW0006015001,1996/07/25,上櫃,金融保險業,ESVUFR,,6015,宏遠證
6016　康和證,TW0006016009,1996/12/04,上櫃,金融保險業,ESVUFR,,6016,康和證
6020　大展證,TW0006020001,2003/01/23,上櫃,金融保險業,ESVUFR,,6020,大展證
6021　大慶證,TW0006021009,2003/04/21,上櫃,金融保險業,ESVUFR,,6021,大慶證
6023　元大期,TW0006023005,2007/11/28,上櫃,金融保險業,ESVUFR,,6023,元大期
6026　福邦證,TW0006026008,2016/01/27,上櫃,金融保險業,ESVUFR,,6026,福邦證
6101　寬魚國際,TW0006101009,2001/03/29,上櫃,文化創意業,ESVUFR,,6101,寬魚國際
6103　合邦,TW0006103005,2001/05/07,上櫃,半導體業,ESVUFR,,6103,合邦
6104　創惟,TW0006104003,2001/05/22,上櫃,半導體業,ESVUFR,,6104,創惟
6109　亞元,TW0006109002,2001/07/26,上櫃,通信網路業,ESVUFR,,6109,亞元
6111　大宇資,TW0006111008,2001/08/08,上櫃,文化創意業,ESVUFR,,6111,大宇資
6113　亞矽,TW0006113004,2001/08/10,上櫃,電子通路業,ESVUFR,,6113,亞矽
6114　久威,TW0006114002,2001/09/27,上櫃,電子零組件業,ESVUFR,,6114,久威
6118　建達,TW0006118003,2001/10/25,上櫃,電子通路業,ESVUFR,,6118,建達
6121　新普,TW0006121007,2001/11/27,上櫃,電腦及週邊設備業,ESVUFR,,6121,新普
6122　擎邦,TW0006122005,2000/07/14,上櫃,電機機械,ESVUFR,,6122,擎邦
6123　上奇,TW0006123003,2002/01/23,上櫃,電腦及週邊設備業,ESVUFR,,6123,上奇
6124　業強,TW0006124001,2002/03/19,上櫃,電子零組件業,ESVUFR,,6124,業強
6125　廣運,TW0006125008,2002/01/23,上櫃,光電業,ESVUFR,,6125,廣運
6126　信音,TW0006126006,2002/01/18,上櫃,電子零組件業,ESVUFR,,6126,信音
6127　九豪,TW0006127004,2002/01/10,上櫃,電子零組件業,ESVUFR,,6127,九豪
6129　普誠,TW0006129000,2001/12/25,上櫃,半導體業,ESVUFR,,6129,普誠
6130　星寶國際,TW0006130008,2002/03/26,上櫃,生技醫療業,ESVUFR,,6130,星寶國際
6134　萬旭,TW0006134000,2002/01/08,上櫃,電子零組件業,ESVUFR,,6134,萬旭
6138　茂達,TW0006138001,2002/01/18,上櫃,半導體業,ESVUFR,,6138,茂達
6140　訊達,TW0006140007,2002/02/04,上櫃,資訊服務業,ESVUFR,,6140,訊達
6143　振曜,TW0006143001,2002/01/28,上櫃,通信網路業,ESVUFR,,6143,振曜
6144　得利影,TW0006144009,2002/01/23,上櫃,文化創意業,ESVUFR,,6144,得利影
6146　耕興,TW0006146004,2002/01/23,上櫃,其他電子業,ESVUFR,,6146,耕興
6147　頎邦,TW0006147002,2002/01/31,上櫃,半導體業,ESVUFR,,6147,頎邦
6148　驊宏資,TW0006148000,2002/02/01,上櫃,資訊服務業,ESVUFR,,6148,驊宏資
6150　撼訊,TW0006150006,2002/03/11,上櫃,電腦及週邊設備業,ESVUFR,,6150,撼訊
6151　晉倫,TW0006151004,2002/02/25,上櫃,其他電子業,ESVUFR,,6151,晉倫
6154　順發,TW0006154008,2002/02/18,上櫃,電子通路業,ESVUFR,,6154,順發
6156　松上,TW0006156003,2002/02/19,上櫃,電子零組件業,ESVUFR,,6156,松上
6158　禾昌,TW0006158009,2002/02/19,上櫃,電子零組件業,ESVUFR,,6158,禾昌
6160　欣技,TW0006160005,2002/03/01,上櫃,電腦及週邊設備業,ESVUFR,,6160,欣技
6161　捷波,TW0006161003,2002/03/01,上櫃,電腦及週邊設備業,ESVUFR,,6161,捷波
6163　華電網,TW0006163009,2002/03/19,上櫃,通信網路業,ESVUFR,,6163,華電網
6167　久正,TW0006167000,2002/03/26,上櫃,光電業,ESVUFR,,6167,久正
6169　昱泉,TW0006169006,2002/03/22,上櫃,文化創意業,ESVUFR,,6169,昱泉
6170　統振,TW0006170004,2002/04/16,上櫃,通信網路業,ESVUFR,,6170,統振
6171　亞銳士,TW0006171002,2002/04/22,上櫃,建材營造業,ESVUFR,,6171,亞銳士
6173　信昌電,TW0006173008,2002/04/19,上櫃,電子零組件業,ESVUFR,,6173,信昌電
6174　安碁,TW0006174006,2002/05/02,上櫃,電子零組件業,ESVUFR,,6174,安碁
6175　立敦,TW0006175003,2002/06/10,上櫃,電子零組件業,ESVUFR,,6175,立敦
6179　亞通,TW0006179005,2002/05/17,上櫃,其他業,ESVUFR,,6179,亞通
6180　橘子,TW0006180003,2002/05/21,上櫃,文化創意業,ESVUFR,,6180,橘子
6182　合晶,TW0006182009,2002/05/16,上櫃,半導體業,ESVUFR,,6182,合晶
6185　幃翔,TW0006185002,2002/08/09,上櫃,電子零組件業,ESVUFR,,6185,幃翔
6186　新潤,TW0006186000,2002/08/02,上櫃,建材營造業,ESVUFR,,6186,新潤
6187　萬潤,TW0006187008,2002/09/27,上櫃,其他電子業,ESVUFR,,6187,萬潤
6188　廣明,TW0006188006,2002/08/27,上櫃,電腦及週邊設備業,ESVUFR,,6188,廣明
6190　萬泰科,TW0006190002,1998/02/04,上櫃,通信網路業,ESVUFR,,6190,萬泰科
6194　育富,TW0006194004,2002/12/05,上櫃,電子零組件業,ESVUFR,,6194,育富
6195　詩肯,TW0006195001,2002/10/21,上櫃,貿易百貨業,ESVUFR,,6195,詩肯
6198　凌泰,TW0006198005,2002/12/26,上櫃,半導體業,ESVUFR,,6198,凌泰
6199　天品,TW0006199003,2016/10/07,上櫃,其他業,ESVUFR,,6199,天品
6203　海韻電,TW0006203003,2002/12/26,上櫃,電子零組件業,ESVUFR,,6203,海韻電
6204　艾華,TW0006204001,2002/11/13,上櫃,電子零組件業,ESVUFR,,6204,艾華
6207　雷科,TW0006207004,2002/12/23,上櫃,電子零組件業,ESVUFR,,6207,雷科
6208　日揚,TW0006208002,2002/12/23,上櫃,電子零組件業,ESVUFR,,6208,日揚
6210　慶生,TW0006210008,2003/02/14,上櫃,電子零組件業,ESVUFR,,6210,慶生
6212　理銘,TW0006212004,2002/12/26,上櫃,建材營造業,ESVUFR,,6212,理銘
6217　中探針,TW0006217003,2003/01/09,上櫃,電子零組件業,ESVUFR,,6217,中探針
6218　豪勉,TW0006218001,2003/01/14,上櫃,通信網路業,ESVUFR,,6218,豪勉
6219　富旺,TW0006219009,2003/02/26,上櫃,建材營造業,ESVUFR,,6219,富旺
6220　岳豐,TW0006220007,2003/01/09,上櫃,電子零組件業,ESVUFR,,6220,岳豐
6221　晉泰,TW0006221005,2003/01/06,上櫃,資訊服務業,ESVUFR,,6221,晉泰
6222　上揚,TW0006222003,2003/01/09,上櫃,光電業,ESVUFR,,6222,上揚
6223　旺矽,TW0006223001,2003/01/06,上櫃,半導體業,ESVUFR,,6223,旺矽
6227　茂綸,TW0006227002,2003/01/14,上櫃,電子通路業,ESVUFR,,6227,茂綸
6228　全譜,TW0006228000,2003/01/21,上櫃,電腦及週邊設備業,ESVUFR,,6228,全譜
6229　研通,TW0006229008,2003/01/14,上櫃,半導體業,ESVUFR,,6229,研通
6231　系微,TW0006231004,2003/01/23,上櫃,資訊服務業,ESVUFR,,6231,系微
6233　旺玖,TW0006233000,2003/02/20,上櫃,半導體業,ESVUFR,,6233,旺玖
6234　高僑,TW0006234008,2003/03/12,上櫃,光電業,ESVUFR,,6234,高僑
6236　康呈,TW0006236003,2003/03/31,上櫃,其他業,ESVUFR,,6236,康呈
6237　驊訊,TW0006237001,2003/04/21,上櫃,半導體業,ESVUFR,,6237,驊訊
6238　勝麗,TW0006238009,2003/03/31,上櫃,其他電子業,ESVUFR,,6238,勝麗
6240　松崗,TW0006240005,2003/05/30,上櫃,資訊服務業,ESVUFR,,6240,松崗
6241　易通展,TW0006241003,2003/04/08,上櫃,通信網路業,ESVUFR,,6241,易通展
6242　立康,TW0006242001,2003/04/23,上櫃,生技醫療業,ESVUFR,,6242,立康
6244　茂迪,TW0006244007,2003/05/15,上櫃,光電業,ESVUFR,,6244,茂迪
6245　立端,TW0006245004,2003/05/19,上櫃,通信網路業,ESVUFR,,6245,立端
6246　臺龍,TW0006246002,2003/06/18,上櫃,光電業,ESVUFR,,6246,臺龍
6247　淇譽電,TW0006247000,2003/07/04,上櫃,其他電子業,ESVUFR,,6247,淇譽電
6248　沛波,TW0006248008,2003/09/03,上櫃,鋼鐵工業,ESVUFR,,6248,沛波
6259　百徽,TW0006259005,2003/09/17,上櫃,電子零組件業,ESVUFR,,6259,百徽
6261　久元,TW0006261001,2004/03/29,上櫃,半導體業,ESVUFR,,6261,久元
6263　普萊德,TW0006263007,2003/09/17,上櫃,通信網路業,ESVUFR,,6263,普萊德
6264　富裔,TW0006264005,2004/02/24,上櫃,建材營造業,ESVUFR,,6264,富裔
6265　方土昶,TW0006265002,2003/10/24,上櫃,電子通路業,ESVUFR,,6265,方土昶
6266　泰詠,TW0006266000,2004/04/29,上櫃,電子零組件業,ESVUFR,,6266,泰詠
6270　倍微,TW0006270002,2003/09/17,上櫃,電子通路業,ESVUFR,,6270,倍微
6274　台燿,TW0006274004,2003/12/18,上櫃,電子零組件業,ESVUFR,,6274,台燿
6275　元山,TW0006275001,2004/12/23,上櫃,其他電子業,ESVUFR,,6275,元山
6276　安鈦克,TW0006276009,2003/10/30,上櫃,電腦及週邊設備業,ESVUFR,,6276,安鈦克
6279　胡連,TW0006279003,2003/11/26,上櫃,電子零組件業,ESVUFR,,6279,胡連
6284　佳邦,TW0006284003,2004/06/29,上櫃,電子零組件業,ESVUFR,,6284,佳邦
6287　元隆,TW0006287006,2003/10/02,上櫃,半導體業,ESVUFR,,6287,元隆
6290　良維,TW0006290000,2005/06/03,上櫃,電子零組件業,ESVUFR,,6290,良維
6291　沛亨,TW0006291008,2004/01/28,上櫃,半導體業,ESVUFR,,6291,沛亨
6292　迅德,TW0006292006,2003/11/26,上櫃,電子零組件業,ESVUFR,,6292,迅德
6294　智基,TW0006294002,2004/01/13,上櫃,文化創意業,ESVUFR,,6294,智基
6404　通訊-KY,KYG211281061,2014/07/23,上櫃,資訊服務業,ESVUFR,,6404,通訊-KY
6411　晶焱,TW0006411002,2014/03/11,上櫃,半導體業,ESVUFR,,6411,晶焱
6417　韋僑,TW0006417009,2015/10/08,上櫃,通信網路業,ESVUFR,,6417,韋僑
6418　詠昇,TW0006418007,2019/02/18,上櫃,電子零組件業,ESVUFR,,6418,詠昇
6419　京晨科,TW0006419005,2014/12/29,上櫃,光電業,ESVUFR,,6419,京晨科
6425　易發,TW0006425002,2019/01/18,上櫃,電機機械,ESVUFR,,6425,易發
6426　統新,TW0006426000,2014/12/17,上櫃,通信網路業,ESVUFR,,6426,統新
6432　今展科,TW0006432008,2015/05/20,上櫃,電子零組件業,ESVUFR,,6432,今展科
6435　大中,TW0006435001,2016/01/07,上櫃,半導體業,ESVUFR,,6435,大中
6438　迅得,TW0006438005,2017/04/25,上櫃,其他電子業,ESVUFR,,6438,迅得
6441　廣錠,TW0006441009,2017/09/27,上櫃,電腦及週邊設備業,ESVUFR,,6441,廣錠
6446　藥華藥,TW0006446008,2016/07/19,上櫃,生技醫療業,ESVUFR,,6446,藥華藥
6457　紘康,TW0006457005,2015/06/12,上櫃,半導體業,ESVUFR,,6457,紘康
6461　益得,TW0006461007,2018/03/28,上櫃,生技醫療業,ESVUFR,,6461,益得
6462　神盾,TW0006462005,2015/12/23,上櫃,半導體業,ESVUFR,,6462,神盾
6465　威潤,TW0006465008,2015/11/20,上櫃,通信網路業,ESVUFR,,6465,威潤
6469　大樹,TW0006469000,2016/03/30,上櫃,生技醫療業,ESVUFR,,6469,大樹
6470　宇智,TW0006470008,2015/11/03,上櫃,通信網路業,ESVUFR,,6470,宇智
6472　保瑞,TW0006472004,2017/04/19,上櫃,生技醫療業,ESVUFR,,6472,保瑞
6482　弘煜科,TW0006482003,2016/06/13,上櫃,文化創意業,ESVUFR,,6482,弘煜科
6485　點序,TW0006485006,2015/11/17,上櫃,半導體業,ESVUFR,,6485,點序
6486　互動,TW0006486004,2016/09/13,上櫃,通信網路業,ESVUFR,,6486,互動
6488　環球晶,TW0006488000,2015/09/25,上櫃,半導體業,ESVUFR,,6488,環球晶
6492　生華科,TW0006492002,2017/04/24,上櫃,生技醫療業,ESVUFR,,6492,生華科
6494　九齊,TW0006494008,2016/05/09,上櫃,半導體業,ESVUFR,,6494,九齊
6496　科懋,TW0006496003,2016/01/07,上櫃,生技醫療業,ESVUFR,,6496,科懋
6497　亞獅康-KY,KYG054241099,2017/06/01,上櫃,生技醫療業,ESVUFR,,6497,亞獅康-KY
6499　益安,TW0006499007,2016/07/27,上櫃,生技醫療業,ESVUFR,,6499,益安
6506　雙邦,TW0006506009,2011/05/03,上櫃,化學工業,ESVUFR,,6506,雙邦
6508　惠光,TW0006508005,2004/03/22,上櫃,農業科技業,ESVUFR,,6508,惠光
6509　聚和,TW0006509003,2004/04/12,上櫃,化學工業,ESVUFR,,6509,聚和
6510　精測,TW0006510001,2016/03/24,上櫃,半導體業,ESVUFR,,6510,精測
6512　啟發電,TW0006512007,2016/03/25,上櫃,其他電子業,ESVUFR,,6512,啟發電
6514　芮特-KY,KYG734231080,2015/12/02,上櫃,通信網路業,ESVUFR,,6514,芮特-KY
6516　勤崴國際,TW0006516008,2019/05/06,上櫃,資訊服務業,ESVUFR,,6516,勤崴國際
6523　達爾膚,TW0006523004,2016/06/16,上櫃,生技醫療業,ESVUFR,,6523,達爾膚
6527　明達醫,TW0006527005,2019/12/25,上櫃,生技醫療業,ESVUFR,,6527,明達醫
6530　創威,TW0006530009,2018/01/23,上櫃,通信網路業,ESVUFR,,6530,創威
6532　瑞耘,TW0006532005,2016/09/26,上櫃,半導體業,ESVUFR,,6532,瑞耘
6535　順藥,TW0006535008,2016/09/26,上櫃,生技醫療業,ESVUFR,,6535,順藥
6538　倉和,TW0006538002,2016/10/21,上櫃,電子零組件業,ESVUFR,,6538,倉和
6542　隆中,TW0006542004,2016/09/08,上櫃,文化創意業,ESVUFR,,6542,隆中
6547　高端疫苗,TW0006547003,2018/04/17,上櫃,生技醫療業,ESVUFR,,6547,高端疫苗
6548　長科*,TW0006548001,2016/09/13,上櫃,半導體業,ESVUFR,,6548,長科*
6556　勝品,TW0006556004,2017/10/31,上櫃,光電業,ESVUFR,,6556,勝品
6560　欣普羅,TW0006560006,2017/01/24,上櫃,光電業,ESVUFR,,6560,欣普羅
6561　是方,TW0006561004,2018/06/05,上櫃,通信網路業,ESVUFR,,6561,是方
6568　宏觀,TW0006568009,2016/12/28,上櫃,半導體業,ESVUFR,,6568,宏觀
6569　醫揚,TW0006569007,2016/12/21,上櫃,生技醫療業,ESVUFR,,6569,醫揚
6570　維田,TW0006570005,2017/12/11,上櫃,電腦及週邊設備業,ESVUFR,,6570,維田
6574　霈方,TW0006574007,2017/09/04,上櫃,生技醫療業,ESVUFR,,6574,霈方
6576　逸達,TW0006576002,2018/06/29,上櫃,生技醫療業,ESVUFR,,6576,逸達
6577　勁豐,TW0006577000,2017/03/21,上櫃,電腦及週邊設備業,ESVUFR,,6577,勁豐
6578　達邦蛋白,TW0006578008,2018/09/18,上櫃,農業科技業,ESVUFR,,6578,達邦蛋白
6589　台康生技,TW0006589005,2019/06/28,上櫃,生技醫療業,ESVUFR,,6589,台康生技
6590　普鴻,TW0006590003,2018/12/24,上櫃,資訊服務業,ESVUFR,,6590,普鴻
6593　台灣銘板,TW0006593007,2017/11/03,上櫃,資訊服務業,ESVUFR,,6593,台灣銘板
6594　展匯科,TW0006594005,2017/04/28,上櫃,半導體業,ESVUFR,,6594,展匯科
6596　寬宏藝術,TW0006596000,2018/01/04,上櫃,文化創意業,ESVUFR,,6596,寬宏藝術
6603　富強鑫,TW0006603004,2004/04/05,上櫃,電機機械,ESVUFR,,6603,富強鑫
6609　瀧澤科,TW0006609001,2003/09/23,上櫃,電機機械,ESVUFR,,6609,瀧澤科
6612　奈米醫材,TW0006612005,2018/07/18,上櫃,生技醫療業,ESVUFR,,6612,奈米醫材
6613　朋億,TW0006613003,2017/12/28,上櫃,其他電子業,ESVUFR,,6613,朋億
6615　慧智,TW0006615008,2018/01/22,上櫃,生技醫療業,ESVUFR,,6615,慧智
6616　特昇-KY,KYG870931030,2018/01/10,上櫃,其他業,ESVUFR,,6616,特昇-KY
6624　萬年清,TW0006624000,2019/05/28,上櫃,其他業,ESVUFR,,6624,萬年清
6629　泰金-KY,KYG877791072,2019/06/06,上櫃,其他業,ESVUFR,,6629,泰金-KY
6640　均華,TW0006640006,2018/10/23,上櫃,半導體業,ESVUFR,,6640,均華
6642　富致,TW0006642002,2019/09/23,上櫃,電子零組件業,ESVUFR,,6642,富致
6643　M31,TW0006643000,2019/01/23,上櫃,半導體業,ESVUFR,,6643,M31
6649　台生材,TW0006649007,2019/06/05,上櫃,生技醫療業,ESVUFR,,6649,台生材
6654　天正國際,TW0006654007,2018/10/23,上櫃,其他電子業,ESVUFR,,6654,天正國際
6662　樂斯科,TW0006662000,2019/03/26,上櫃,生技醫療業,ESVUFR,,6662,樂斯科
6664　群翊,TW0006664006,2018/09/12,上櫃,電子零組件業,ESVUFR,,6664,群翊
6667　信紘科,TW0006667009,2018/11/13,上櫃,其他電子業,ESVUFR,,6667,信紘科
6679　鈺太,TW0006679004,2019/05/09,上櫃,半導體業,ESVUFR,,6679,鈺太
6680　鑫創電子,TW0006680002,2019/09/16,上櫃,電腦及週邊設備業,ESVUFR,,6680,鑫創電子
6683　雍智科技,TW0006683006,2019/04/23,上櫃,半導體業,ESVUFR,,6683,雍智科技
6690　安碁資訊,TW0006690001,2019/10/30,上櫃,資訊服務業,ESVUFR,,6690,安碁資訊
6697　東捷資訊,TW0006697006,2019/12/26,上櫃,資訊服務業,ESVUFR,,6697,東捷資訊
6716　應廣,TW0006716004,2020/03/27,上櫃,半導體業,ESVUFR,,6716,應廣
6803　崑鼎,TW0006803000,2010/05/27,上櫃,其他業,ESVUFR,,6803,崑鼎
7402　邑錡,TW0007402000,2015/12/29,上櫃,光電業,ESVUFR,,7402,邑錡
8024　佑華,TW0008024001,2006/09/25,上櫃,半導體業,ESVUFR,,8024,佑華
8027　鈦昇,TW0008027004,2015/06/09,上櫃,電機機械,ESVUFR,,8027,鈦昇
8032　光菱,TW0008032004,2003/10/02,上櫃,電子通路業,ESVUFR,,8032,光菱
8034　榮群,TW0008034000,2004/05/06,上櫃,通信網路業,ESVUFR,,8034,榮群
8038　長園科,TW0008038001,2013/11/21,上櫃,電子零組件業,ESVUFR,,8038,長園科
8040　九暘,TW0008040007,2007/04/30,上櫃,半導體業,ESVUFR,,8040,九暘
8042　金山電,TW0008042003,2004/03/22,上櫃,電子零組件業,ESVUFR,,8042,金山電
8043　蜜望實,TW0008043001,2003/10/24,上櫃,電子零組件業,ESVUFR,,8043,蜜望實
8044　網家,TW0008044009,2005/01/24,上櫃,電子商務,ESVUFR,,8044,網家
8047　星雲,TW0008047002,2004/02/09,上櫃,其他電子業,ESVUFR,,8047,星雲
8048　德勝,TW0008048000,2009/09/08,上櫃,通信網路業,ESVUFR,,8048,德勝
8049　晶采,TW0008049008,2004/02/02,上櫃,光電業,ESVUFR,,8049,晶采
8050　廣積,TW0008050006,2003/10/24,上櫃,電腦及週邊設備業,ESVUFR,,8050,廣積
8054　安國,TW0008054008,2004/11/08,上櫃,半導體業,ESVUFR,,8054,安國
8059　凱碩,TW0008059007,2010/03/16,上櫃,通信網路業,ESVUFR,,8059,凱碩
8064　東捷,TW0008064007,2006/09/25,上櫃,光電業,ESVUFR,,8064,東捷
8066　來思達,TW0008066002,2004/12/24,上櫃,貿易百貨業,ESVUFR,,8066,來思達
8067　志旭,TW0008067000,2004/04/23,上櫃,電子通路業,ESVUFR,,8067,志旭
8068　全達,TW0008068008,2004/03/25,上櫃,電子通路業,ESVUFR,,8068,全達
8069　元太,TW0008069006,2004/03/30,上櫃,光電業,ESVUFR,,8069,元太
8071　能率網通,TW0008071002,2003/12/29,上櫃,電子零組件業,ESVUFR,,8071,能率網通
8074　鉅橡,TW0008074006,2004/01/27,上櫃,電子零組件業,ESVUFR,,8074,鉅橡
8076　伍豐,TW0008076001,2003/12/15,上櫃,電腦及週邊設備業,ESVUFR,,8076,伍豐
8077　洛碁,TW0008077009,2004/12/06,上櫃,觀光事業,ESVUFR,,8077,洛碁
8080　永利聯合,TW0008080003,2004/05/10,上櫃,電子零組件業,ESVUFR,,8080,永利聯合
8083　瑞穎,TW0008083007,2004/09/23,上櫃,電機機械,ESVUFR,,8083,瑞穎
8084　巨虹,TW0008084005,2004/03/08,上櫃,電子通路業,ESVUFR,,8084,巨虹
8085　福華,TW0008085002,2004/03/01,上櫃,其他電子業,ESVUFR,,8085,福華
8086　宏捷科,TW0008086000,2009/06/01,上櫃,半導體業,ESVUFR,,8086,宏捷科
8087　華鎂鑫,TW0008087008,2004/02/25,上櫃,光電業,ESVUFR,,8087,華鎂鑫
8088　品安,TW0008088006,2004/02/27,上櫃,半導體業,ESVUFR,,8088,品安
8091　翔名,TW0008091000,2004/06/24,上櫃,電子零組件業,ESVUFR,,8091,翔名
8092　建暐,TW0008092008,2004/02/02,上櫃,其他電子業,ESVUFR,,8092,建暐
8093　保銳,TW0008093006,2004/12/31,上櫃,電子零組件業,ESVUFR,,8093,保銳
8096　擎亞,TW0008096009,2004/07/15,上櫃,電子通路業,ESVUFR,,8096,擎亞
8097　常珵,TW0008097007,2004/03/01,上櫃,通信網路業,ESVUFR,,8097,常珵
8099　大世科,TW0008099003,2004/03/29,上櫃,資訊服務業,ESVUFR,,8099,大世科
8107　大億金茂,TW0008107004,2005/11/15,上櫃,電機機械,ESVUFR,,8107,大億金茂
8109　博大,TW0008109000,2005/03/22,上櫃,電子零組件業,ESVUFR,,8109,博大
8111　立碁,TW0008111006,2004/02/09,上櫃,光電業,ESVUFR,,8111,立碁
8121　越峰,TW0008121005,2005/02/17,上櫃,電子零組件業,ESVUFR,,8121,越峰
8147　正淩,TW0008147000,2013/04/30,上櫃,電子零組件業,ESVUFR,,8147,正淩
8155　博智,TW0008155003,2012/12/18,上櫃,電子零組件業,ESVUFR,,8155,博智
8171　天宇,TW0008171000,2011/12/19,上櫃,通信網路業,ESVUFR,,8171,天宇
8176　智捷,TW0008176009,2013/06/25,上櫃,通信網路業,ESVUFR,,8176,智捷
8182　加高,TW0008182007,2006/05/25,上櫃,電子零組件業,ESVUFR,,8182,加高
8183　精星,TW0008183005,2005/03/30,上櫃,其他電子業,ESVUFR,,8183,精星
8234　新漢,TW0008234006,2007/06/07,上櫃,電腦及週邊設備業,ESVUFR,,8234,新漢
8240　華宏,TW0008240003,2005/06/23,上櫃,光電業,ESVUFR,,8240,華宏
8255　朋程,TW0008255001,2006/04/25,上櫃,電機機械,ESVUFR,,8255,朋程
8277　商丞,TW0008277005,2004/12/27,上櫃,半導體業,ESVUFR,,8277,商丞
8279　生展,TW0008279001,2016/09/26,上櫃,生技醫療業,ESVUFR,,8279,生展
8289　泰藝,TW0008289000,2008/04/24,上櫃,電子零組件業,ESVUFR,,8289,泰藝
8291　尚茂,TW0008291006,2011/11/29,上櫃,電子零組件業,ESVUFR,,8291,尚茂
8299　群聯,TW0008299009,2004/12/06,上櫃,半導體業,ESVUFR,,8299,群聯
8342　益張,TW0008342007,2017/11/23,上櫃,其他業,ESVUFR,,8342,益張
8349　恒耀,TW0008349002,2006/03/10,上櫃,鋼鐵工業,ESVUFR,,8349,恒耀
8354　冠好,TW0008354002,2004/04/15,上櫃,塑膠工業,ESVUFR,,8354,冠好
8358　金居,TW0008358003,2010/09/27,上櫃,電子零組件業,ESVUFR,,8358,金居
8383　千附,TW0008383001,2004/09/10,上櫃,其他電子業,ESVUFR,,8383,千附
8390　金益鼎,TW0008390006,2008/05/21,上櫃,其他業,ESVUFR,,8390,金益鼎
8401　白紗科,TW0008401001,2010/03/29,上櫃,其他業,ESVUFR,,8401,白紗科
8403　盛弘,TW0008403007,2011/03/01,上櫃,生技醫療業,ESVUFR,,8403,盛弘
8406　金可-KY,KYG390101064,2012/04/27,上櫃,生技醫療業,ESVUFR,,8406,金可-KY
8409　商之器,TW0008409004,2013/11/25,上櫃,生技醫療業,ESVUFR,,8409,商之器
8410　森田,TW0008410002,2011/02/23,上櫃,電腦及週邊設備業,ESVUFR,,8410,森田
8415　大國鋼,TW0008415001,2016/09/07,上櫃,鋼鐵工業,ESVUFR,,8415,大國鋼
8416　實威,TW0008416009,2012/09/19,上櫃,資訊服務業,ESVUFR,,8416,實威
8418　捷必勝-KY,KYG520981039,2011/12/06,上櫃,其他業,ESVUFR,,8418,捷必勝-KY
8420　明揚,TW0008420001,2014/11/10,上櫃,其他業,ESVUFR,,8420,明揚
8421　旭源,TW0008421009,2012/11/23,上櫃,其他業,ESVUFR,,8421,旭源
8423　保綠-KY,KYG715991074,2012/03/14,上櫃,其他業,ESVUFR,,8423,保綠-KY
8424　惠普,TW0008424003,2012/12/18,上櫃,建材營造業,ESVUFR,,8424,惠普
8426　紅木-KY,KYG7457N1051,2011/12/13,上櫃,其他業,ESVUFR,,8426,紅木-KY
8431　匯鑽科,TW0008431008,2015/03/30,上櫃,其他電子業,ESVUFR,,8431,匯鑽科
8432　東生華,TW0008432006,2012/04/30,上櫃,生技醫療業,ESVUFR,,8432,東生華
8433　弘帆,TW0008433004,2012/12/19,上櫃,貿易百貨業,ESVUFR,,8433,弘帆
8435　鉅邁,TW0008435009,2012/12/28,上櫃,其他業,ESVUFR,,8435,鉅邁
8436　大江,TW0008436007,2013/09/12,上櫃,生技醫療業,ESVUFR,,8436,大江
8437　大地-KY,KYG2615N1051,2015/05/06,上櫃,其他業,ESVUFR,,8437,大地-KY
8440　綠電,TW0008440009,2018/03/28,上櫃,其他業,ESVUFR,,8440,綠電
8444　綠河-KY,KYG409691006,2015/10/27,上櫃,其他業,ESVUFR,,8444,綠河-KY
8446　華研,TW0008446006,2013/12/19,上櫃,文化創意業,ESVUFR,,8446,華研
8450　霹靂,TW0008450008,2014/10/07,上櫃,文化創意業,ESVUFR,,8450,霹靂
8455　大拓-KY,KYG264101034,2016/01/08,上櫃,其他電子業,ESVUFR,,8455,大拓-KY
8472　夠麻吉,TW0008472002,2016/01/11,上櫃,電子商務,ESVUFR,,8472,夠麻吉
8476　台境,TW0008476003,2017/03/28,上櫃,其他業,ESVUFR,,8476,台境
8477　創業家,TW0008477001,2016/10/31,上櫃,電子商務,ESVUFR,,8477,創業家
8489　三貝德,TW0008489006,2017/04/27,上櫃,文化創意業,ESVUFR,,8489,三貝德
8905　裕國,TW0008905001,1996/01/31,上櫃,其他業,ESVUFR,,8905,裕國
8906　花王,TW0008906009,1996/04/23,上櫃,其他業,ESVUFR,,8906,花王
8908　欣雄,TW0008908005,1997/02/14,上櫃,油電燃氣業,ESVUFR,,8908,欣雄
8916　光隆,TW0008916008,1999/04/20,上櫃,其他業,ESVUFR,,8916,光隆
8917　欣泰,TW0008917006,1999/05/06,上櫃,油電燃氣業,ESVUFR,,8917,欣泰
8921　沈氏,TW0008921008,2000/03/21,上櫃,其他業,ESVUFR,,8921,沈氏
8923　時報,TW0008923004,1999/12/27,上櫃,文化創意業,ESVUFR,,8923,時報
8924　大田,TW0008924002,2000/02/09,上櫃,其他業,ESVUFR,,8924,大田
8927　北基,TW0008927005,2000/11/02,上櫃,油電燃氣業,ESVUFR,,8927,北基
8928　鉅明,TW0008928003,2001/02/02,上櫃,其他業,ESVUFR,,8928,鉅明
8929　富堡,TW0008929001,2000/11/30,上櫃,其他業,ESVUFR,,8929,富堡
8930　青鋼,TW0008930009,2000/12/06,上櫃,鋼鐵工業,ESVUFR,,8930,青鋼
8931　大汽電,TW0008931007,2001/05/10,上櫃,油電燃氣業,ESVUFR,,8931,大汽電
8932　宏大,TW0008932005,2001/03/29,上櫃,其他業,ESVUFR,,8932,宏大
8933　愛地雅,TW0008933003,2001/03/28,上櫃,其他業,ESVUFR,,8933,愛地雅
8934　衡平,TW0008934001,2001/09/03,上櫃,其他業,ESVUFR,,8934,衡平
8935　邦泰,TW0008935008,2002/03/26,上櫃,其他業,ESVUFR,,8935,邦泰
8936　國統,TW0008936006,2002/09/09,上櫃,其他業,ESVUFR,,8936,國統
8937　合騏,TW0008937004,2002/10/29,上櫃,其他業,ESVUFR,,8937,合騏
8938　明安,TW0008938002,2002/12/02,上櫃,其他業,ESVUFR,,8938,明安
8941　關中,TW0008941006,2003/01/20,上櫃,貿易百貨業,ESVUFR,,8941,關中
8942　森鉅,TW0008942004,2003/05/16,上櫃,其他業,ESVUFR,,8942,森鉅
9949　琉園,TW0009949008,2003/11/21,上櫃,文化創意業,ESVUFR,,9949,琉園
9950　萬國通,TW0009950006,2004/02/17,上櫃,塑膠工業,ESVUFR,,9950,萬國通
9951　皇田,TW0009951004,2003/12/18,上櫃,電機機械,ESVUFR,,9951,皇田
9960　邁達康,TW0009960005,2004/12/06,上櫃,貿易百貨業,ESVUFR,,9960,邁達康
9962　有益,TW0009962001,2006/07/10,上櫃,鋼鐵工業,ESVUFR,,9962,有益
